Age,Gender,Entry Time
[49.22365],Male,2025-04-30 10:13:41
[44.51269],Male,2025-04-30 10:13:42
[44.026196],Male,2025-04-30 10:13:42
[47.09339],Male,2025-04-30 10:13:42
[52.327423],Male,2025-04-30 10:13:42
[53.547157],Male,2025-04-30 10:13:42
[50.264435],Male,2025-04-30 10:13:43
[46.557964],Male,2025-04-30 10:13:43
[45.953903],Male,2025-04-30 10:13:43
[47.706596],Male,2025-04-30 10:13:43
[47.074905],Male,2025-04-30 10:13:43
[48.69919],Male,2025-04-30 10:13:43
[48.191723],Male,2025-04-30 10:13:44
[45.644943],Male,2025-04-30 10:13:44
[47.348385],Male,2025-04-30 10:13:44
[48.639175],Male,2025-04-30 10:13:44
[47.301067],Male,2025-04-30 10:13:44
[45.155434],Male,2025-04-30 10:13:45
[42.542995],Male,2025-04-30 10:13:45
[43.516495],Male,2025-04-30 10:13:45
[44.038204],Male,2025-04-30 10:13:45
[45.15045],Male,2025-04-30 10:13:45
[46.679165],Male,2025-04-30 10:13:45
[48.35086],Male,2025-04-30 10:13:46
[43.04913],Male,2025-04-30 10:13:46
[43.005627],Male,2025-04-30 10:13:46
[42.876343],Male,2025-04-30 10:13:46
[45.577835],Male,2025-04-30 10:13:46
[44.213],Male,2025-04-30 10:13:46
[45.38837],Male,2025-04-30 10:13:47
[43.875618],Male,2025-04-30 10:13:47
[43.180233],Male,2025-04-30 10:13:47
[44.79527],Male,2025-04-30 10:13:47
[43.57759],Male,2025-04-30 10:13:47
[45.01844],Male,2025-04-30 10:13:47
[43.32782],Male,2025-04-30 10:13:47
[38.744053],Male,2025-04-30 10:13:48
[45.59297],Male,2025-04-30 10:13:48
[41.982697],Male,2025-04-30 10:13:48
[48.03844],Male,2025-04-30 10:13:48
[47.580498],Male,2025-04-30 10:13:48
[47.83544],Male,2025-04-30 10:13:48
[48.71572],Male,2025-04-30 10:13:49
[48.188316],Male,2025-04-30 10:13:49
[47.75305],Male,2025-04-30 10:13:49
[46.650375],Male,2025-04-30 10:13:49
[47.738983],Male,2025-04-30 10:13:49
[47.3648],Male,2025-04-30 10:13:49
[48.192585],Male,2025-04-30 10:13:50
[47.307274],Male,2025-04-30 10:13:50
[46.38997],Male,2025-04-30 10:13:50
[46.119293],Male,2025-04-30 10:13:50
[46.175617],Male,2025-04-30 10:13:50
[45.870296],Male,2025-04-30 10:13:50
[47.04129],Male,2025-04-30 10:13:51
[37.215984],Male,2025-04-30 10:13:51
[39.876713],Male,2025-04-30 10:13:51
[39.2277],Male,2025-04-30 10:13:51
[39.81189],Male,2025-04-30 10:13:51
[41.544327],Male,2025-04-30 10:13:51
[43.572395],Male,2025-04-30 10:13:52
[45.82755],Male,2025-04-30 10:13:52
[44.715263],Male,2025-04-30 10:13:52
[45.491867],Male,2025-04-30 10:13:52
[43.289623],Male,2025-04-30 10:13:52
[43.896755],Male,2025-04-30 10:13:52
[42.104507],Male,2025-04-30 10:13:52
[41.096256],Male,2025-04-30 10:13:53
[39.74294],Male,2025-04-30 10:13:53
[39.37778],Male,2025-04-30 10:13:53
[39.569126],Male,2025-04-30 10:13:53
[39.36874],Male,2025-04-30 10:13:53
[42.64825],Male,2025-04-30 10:13:53
[42.133694],Male,2025-04-30 10:13:54
[44.752777],Male,2025-04-30 10:13:54
[42.396194],Male,2025-04-30 10:13:54
[44.46206],Male,2025-04-30 10:13:54
[46.013714],Male,2025-04-30 10:13:54
[44.52064],Male,2025-04-30 10:13:54
[35.89905],Male,2025-04-30 10:13:55
[33.9737],Male,2025-04-30 10:13:55
[43.782322],Male,2025-04-30 10:13:55
[40.066452],Male,2025-04-30 10:13:55
[42.76057],Male,2025-04-30 10:13:55
[43.144558],Male,2025-04-30 10:13:55
[42.657383],Male,2025-04-30 10:13:55
[41.10127],Male,2025-04-30 10:13:56
[40.119747],Male,2025-04-30 10:13:56
[40.024925],Male,2025-04-30 10:13:56
[41.879494],Male,2025-04-30 10:13:56
[45.491577],Male,2025-04-30 10:13:56
[41.276352],Male,2025-04-30 10:13:56
[47.849216],Male,2025-04-30 10:13:57
[43.022186],Male,2025-04-30 10:13:57
[44.04397],Male,2025-04-30 10:13:57
[47.274178],Male,2025-04-30 10:13:57
[47.451828],Male,2025-04-30 10:13:57
[43.479057],Male,2025-04-30 10:13:57
[46.299927],Male,2025-04-30 10:13:57
[47.702892],Male,2025-04-30 10:13:58
[41.050583],Male,2025-04-30 10:13:58
[39.97712],Male,2025-04-30 10:13:58
[41.457424],Male,2025-04-30 10:13:58
[40.179317],Male,2025-04-30 10:13:58
[40.630272],Male,2025-04-30 10:13:58
[43.290123],Male,2025-04-30 10:13:59
[38.910614],Male,2025-04-30 10:13:59
[39.390694],Male,2025-04-30 10:13:59
[43.882267],Male,2025-04-30 10:13:59
[42.03427],Male,2025-04-30 10:13:59
[41.025795],Male,2025-04-30 10:13:59
[40.787403],Male,2025-04-30 10:14:00
[44.083565],Male,2025-04-30 10:14:00
[48.004036],Male,2025-04-30 10:14:00
[41.12834],Male,2025-04-30 10:14:00
[47.19136],Male,2025-04-30 10:14:00
[40.58146],Male,2025-04-30 10:14:00
[39.45219],Male,2025-04-30 10:14:01
[45.040535],Male,2025-04-30 10:14:01
[42.86289],Male,2025-04-30 10:14:01
[41.353992],Male,2025-04-30 10:14:01
[42.95934],Male,2025-04-30 10:14:01
[41.69389],Male,2025-04-30 10:14:01
[42.833706],Male,2025-04-30 10:14:02
[40.321667],Male,2025-04-30 10:14:02
[42.573],Male,2025-04-30 10:14:02
[43.569077],Male,2025-04-30 10:14:02
[42.766624],Male,2025-04-30 10:14:02
[45.76015],Male,2025-04-30 10:14:02
[47.564056],Male,2025-04-30 10:14:03
[43.99629],Male,2025-04-30 10:14:03
[45.151207],Male,2025-04-30 10:14:03
[41.44344],Male,2025-04-30 10:14:03
[45.022125],Male,2025-04-30 10:14:03
[43.661392],Male,2025-04-30 10:14:03
[42.84088],Male,2025-04-30 10:14:04
[40.177246],Male,2025-04-30 10:14:04
[39.633633],Male,2025-04-30 10:14:04
[43.461384],Male,2025-04-30 10:14:04
[39.307564],Male,2025-04-30 10:14:04
[39.718277],Male,2025-04-30 10:14:04
[41.479465],Male,2025-04-30 10:14:05
[45.858757],Male,2025-04-30 10:14:05
[41.92797],Male,2025-04-30 10:14:05
[51.85417],Male,2025-04-30 10:14:05
[42.516743],Male,2025-04-30 10:14:05
[46.965584],Male,2025-04-30 10:14:05
[46.286602],Male,2025-04-30 10:14:06
[49.116257],Male,2025-04-30 10:14:06
[44.014687],Male,2025-04-30 10:14:06
[45.659184],Male,2025-04-30 10:14:06
[46.667717],Male,2025-04-30 10:14:06
[45.487667],Male,2025-04-30 10:14:06
[45.576366],Male,2025-04-30 10:14:07
[44.806053],Male,2025-04-30 10:14:07
[42.48475],Male,2025-04-30 10:14:07
[43.07711],Male,2025-04-30 10:14:07
[44.7035],Male,2025-04-30 10:14:07
[46.930195],Male,2025-04-30 10:14:07
[39.576725],Male,2025-04-30 10:14:08
[45.702084],Male,2025-04-30 10:14:08
[42.17494],Male,2025-04-30 10:14:08
[39.85195],Male,2025-04-30 10:14:08
[39.561337],Male,2025-04-30 10:14:08
[40.832397],Male,2025-04-30 10:14:08
[45.172592],Male,2025-04-30 10:14:09
[47.676388],Male,2025-04-30 10:14:09
[47.420513],Male,2025-04-30 10:14:09
[44.994236],Male,2025-04-30 10:14:09
[48.242863],Male,2025-04-30 10:14:09
[50.788162],Male,2025-04-30 10:14:09
[51.761433],Male,2025-04-30 10:14:10
[51.0899],Male,2025-04-30 10:14:10
[48.852863],Male,2025-04-30 10:14:10
[45.774296],Male,2025-04-30 10:14:10
[43.037205],Male,2025-04-30 10:14:10
[45.268402],Male,2025-04-30 10:14:10
[44.89782],Male,2025-04-30 10:14:11
[44.661297],Male,2025-04-30 10:14:11
[44.97785],Male,2025-04-30 10:14:11
[38.453583],Male,2025-04-30 10:14:11
[37.48425],Male,2025-04-30 10:14:11
[48.354195],Male,2025-04-30 10:14:12
[48.020313],Male,2025-04-30 10:14:12
[44.492943],Male,2025-04-30 10:14:12
[43.898872],Male,2025-04-30 10:14:12
[46.26965],Male,2025-04-30 10:14:12
[42.720646],Male,2025-04-30 10:14:12
[44.44542],Male,2025-04-30 10:14:13
[36.37183],Male,2025-04-30 10:14:13
[44.00749],Male,2025-04-30 10:14:13
[47.005013],Male,2025-04-30 10:14:13
[48.39628],Male,2025-04-30 10:14:13
[47.50228],Male,2025-04-30 10:14:13
[46.534393],Male,2025-04-30 10:14:14
[45.509014],Male,2025-04-30 10:14:14
[47.631023],Male,2025-04-30 10:14:14
[48.806664],Male,2025-04-30 10:14:14
[47.367035],Male,2025-04-30 10:14:14
[42.73796],Male,2025-04-30 10:14:14
[42.278793],Male,2025-04-30 10:14:15
[43.78888],Male,2025-04-30 10:14:15
[45.653046],Male,2025-04-30 10:14:15
[43.974133],Male,2025-04-30 10:14:15
[44.78721],Male,2025-04-30 10:14:15
[42.458748],Male,2025-04-30 10:14:15
[45.245155],Male,2025-04-30 10:14:16
[50.60655],Male,2025-04-30 10:14:16
[53.354965],Male,2025-04-30 10:14:16
[53.258812],Male,2025-04-30 10:14:16
[50.730587],Male,2025-04-30 10:14:16
[50.952568],Male,2025-04-30 10:14:16
[52.72315],Male,2025-04-30 10:14:17
[53.817142],Male,2025-04-30 10:14:17
[53.264736],Male,2025-04-30 10:14:17
[53.41092],Male,2025-04-30 10:14:17
[49.7629],Male,2025-04-30 10:14:17
[47.725746],Male,2025-04-30 10:14:18
[46.328392],Male,2025-04-30 10:14:18
[46.750614],Male,2025-04-30 10:14:18
[46.240414],Male,2025-04-30 10:14:18
[45.553074],Male,2025-04-30 10:14:18
[42.89039],Male,2025-04-30 10:14:18
[42.578636],Male,2025-04-30 10:14:19
[41.04728],Male,2025-04-30 10:14:19
[41.004654],Male,2025-04-30 10:14:19
[40.24249],Male,2025-04-30 10:14:19
[41.14438],Male,2025-04-30 10:14:20
[41.854546],Male,2025-04-30 10:14:20
[41.422504],Male,2025-04-30 10:14:20
[40.454426],Male,2025-04-30 10:14:20
[39.504623],Male,2025-04-30 10:14:20
[39.915295],Male,2025-04-30 10:14:20
[39.542473],Male,2025-04-30 10:14:21
[39.935913],Male,2025-04-30 10:14:21
[40.77777],Male,2025-04-30 10:14:21
[41.663815],Male,2025-04-30 10:14:21
[45.4016],Male,2025-04-30 10:14:21
[49.670128],Male,2025-04-30 10:14:21
[50.60002],Male,2025-04-30 10:14:22
[51.723038],Male,2025-04-30 10:14:22
[48.869698],Male,2025-04-30 10:14:22
[50.00082],Male,2025-04-30 10:14:22
[52.351616],Male,2025-04-30 10:14:22
[50.034077],Male,2025-04-30 10:14:23
[50.99653],Male,2025-04-30 10:14:23
[53.935547],Male,2025-04-30 10:14:23
[52.80185],Male,2025-04-30 10:14:23
[53.89438],Male,2025-04-30 10:14:23
[53.34908],Male,2025-04-30 10:14:24
[54.50953],Male,2025-04-30 10:14:24
[54.42656],Male,2025-04-30 10:14:24
[50.94492],Male,2025-04-30 10:14:24
[49.402485],Male,2025-04-30 10:14:24
[51.711056],Male,2025-04-30 10:14:25
[49.29881],Male,2025-04-30 10:14:25
[48.710968],Male,2025-04-30 10:14:25
[47.87549],Male,2025-04-30 10:14:25
[48.797863],Male,2025-04-30 10:14:25
[47.03176],Male,2025-04-30 10:14:26
[47.41226],Male,2025-04-30 10:14:26
[47.896545],Male,2025-04-30 10:14:26
[48.23011],Male,2025-04-30 10:14:26
[48.38283],Male,2025-04-30 10:14:26
[47.50542],Male,2025-04-30 10:14:26
[48.75931],Male,2025-04-30 10:14:27
[47.1575],Male,2025-04-30 10:14:27
[45.114567],Male,2025-04-30 10:14:27
[45.29414],Male,2025-04-30 10:14:27
[45.89224],Male,2025-04-30 10:14:27
[45.21761],Male,2025-04-30 10:14:27
[46.141037],Male,2025-04-30 10:14:28
[45.93289],Male,2025-04-30 10:14:28
[46.36862],Male,2025-04-30 10:14:28
[46.719894],Male,2025-04-30 10:14:28
[48.08686],Male,2025-04-30 10:14:28
[47.635815],Male,2025-04-30 10:14:29
[49.378742],Male,2025-04-30 10:14:29
[46.724724],Male,2025-04-30 10:14:29
[46.10263],Male,2025-04-30 10:14:29
[44.98886],Male,2025-04-30 10:14:29
[42.777546],Male,2025-04-30 10:14:30
[41.657448],Male,2025-04-30 10:14:30
[43.264465],Male,2025-04-30 10:14:30
[43.818073],Male,2025-04-30 10:14:30
[44.33744],Male,2025-04-30 10:14:30
[44.81753],Male,2025-04-30 10:14:31
[44.702976],Male,2025-04-30 10:14:31
[44.903385],Male,2025-04-30 10:14:31
[45.4473],Male,2025-04-30 10:14:31
[44.901],Male,2025-04-30 10:14:31
[45.282734],Male,2025-04-30 10:14:31
[45.508633],Male,2025-04-30 10:14:32
[45.54146],Male,2025-04-30 10:14:32
[45.400787],Male,2025-04-30 10:14:32
[45.483826],Male,2025-04-30 10:14:32
[45.10184],Male,2025-04-30 10:14:32
[45.002895],Male,2025-04-30 10:14:33
[45.506893],Male,2025-04-30 10:14:33
[45.618465],Male,2025-04-30 10:14:33
[45.70375],Male,2025-04-30 10:14:34
[44.979977],Male,2025-04-30 10:14:34
[44.74244],Male,2025-04-30 10:14:34
[44.34447],Male,2025-04-30 10:14:34
[45.585823],Male,2025-04-30 10:14:34
[46.192886],Male,2025-04-30 10:14:34
[45.864166],Male,2025-04-30 10:14:35
[44.35484],Male,2025-04-30 10:14:35
[44.45431],Male,2025-04-30 10:14:35
[45.51674],Male,2025-04-30 10:14:35
[47.295834],Male,2025-04-30 10:14:35
[47.597652],Male,2025-04-30 10:14:36
[47.433186],Male,2025-04-30 10:14:36
